{
  "start-all.ps1": 1776715822.7544515,
  "status.ps1": 1776715822.7544515,
  "stop-all.ps1": 1776715822.7544515,
  "libs\\crypton-sdk\\jest.config.js": 1776715822.62731,
  "libs\\crypton-sdk\\src\\client.ts": 1776715822.6354685,
  "libs\\crypton-sdk\\src\\errors.ts": 1776715822.6354685,
  "libs\\crypton-sdk\\src\\index.ts": 1776715822.6364863,
  "libs\\crypton-sdk\\src\\session.ts": 1776715822.6404982,
  "libs\\crypton-sdk\\src\\types.ts": 1776715822.6404982,
  "libs\\crypton-sdk\\src\\modules\\actions.ts": 1776715822.637491,
  "libs\\crypton-sdk\\src\\modules\\auth.ts": 1776715822.6384754,
  "libs\\crypton-sdk\\src\\modules\\devices.ts": 1776715822.6384754,
  "libs\\crypton-sdk\\src\\modules\\recovery.ts": 1776715822.6394987,
  "libs\\crypton-sdk\\src\\utils\\base64.ts": 1776715822.6414914,
  "libs\\crypton-sdk\\src\\__tests__\\integration.test.ts": 1776715822.6335766,
  "libs\\crypton-sdk\\src\\__tests__\\jest.setup.ts": 1776715822.6344693,
  "libs\\crypton-sdk\\src\\__tests__\\setup.ts": 1776715822.6344693,
  "services\\crypton-admin\\src\\Admin.js": 1776715822.6630244,
  "services\\crypton-admin\\src\\api.js": 1776715822.6794815,
  "services\\crypton-admin\\src\\App.js": 1776715822.6630244,
  "services\\crypton-admin\\src\\App.test.js": 1776715822.6630244,
  "services\\crypton-admin\\src\\AppShell.js": 1776740188.483576,
  "services\\crypton-admin\\src\\AttackSim.js": 1776715822.6630244,
  "services\\crypton-admin\\src\\AuditLogs.js": 1776738284.98268,
  "services\\crypton-admin\\src\\auth.js": 1776715822.6794815,
  "services\\crypton-admin\\src\\auth.regression-1.test.js": 1776715822.6794815,
  "services\\crypton-admin\\src\\AuthContext.js": 1776715822.6630244,
  "services\\crypton-admin\\src\\Buttons.js": 1776715822.6630244,
  "services\\crypton-admin\\src\\config.js": 1776715822.6794815,
  "services\\crypton-admin\\src\\constants.js": 1776715822.6794815,
  "services\\crypton-admin\\src\\Dashboard.js": 1776738289.0813098,
  "services\\crypton-admin\\src\\Devices.js": 1776715822.6630244,
  "services\\crypton-admin\\src\\hooks.js": 1776715822.6794815,
  "services\\crypton-admin\\src\\index.js": 1776715822.6794815,
  "services\\crypton-admin\\src\\Landing.js": 1776715822.6630244,
  "services\\crypton-admin\\src\\Login.js": 1776715822.6630244,
  "services\\crypton-admin\\src\\OrgSettings.js": 1776715822.6630244,
  "services\\crypton-admin\\src\\PolicyEngine.js": 1776738270.321308,
  "services\\crypton-admin\\src\\RBAC.js": 1776738278.2784443,
  "services\\crypton-admin\\src\\Recovery.js": 1776715822.6630244,
  "services\\crypton-admin\\src\\Register.js": 1776715822.678954,
  "services\\crypton-admin\\src\\reportWebVitals.js": 1776715822.6794815,
  "services\\crypton-admin\\src\\RiskIntel.js": 1776715822.6794815,
  "services\\crypton-admin\\src\\routes.js": 1776715822.6794815,
  "services\\crypton-admin\\src\\sdk.js": 1776715822.6794815,
  "services\\crypton-admin\\src\\sdk.test.js": 1776715822.6794815,
  "services\\crypton-admin\\src\\Sessions.js": 1776738281.3729503,
  "services\\crypton-admin\\src\\setupTests.js": 1776715822.6794815,
  "services\\crypton-admin\\src\\webauthn.js": 1776715822.6794815,
  "services\\crypton-demo\\server.js": 1776715822.696263,
  "services\\crypton-demo\\src\\Admin.js": 1776715822.696263,
  "services\\crypton-demo\\src\\AdminDashboard.js": 1776722996.6595812,
  "services\\crypton-demo\\src\\AdminLogin.js": 1776715822.696263,
  "services\\crypton-demo\\src\\AnimatedHeading.js": 1776722996.6605487,
  "services\\crypton-demo\\src\\api.js": 1776715822.696263,
  "services\\crypton-demo\\src\\App.js": 1776787265.2136114,
  "services\\crypton-demo\\src\\App.test.js": 1776715822.696263,
  "services\\crypton-demo\\src\\AppShell.js": 1776740173.0750253,
  "services\\crypton-demo\\src\\AttackSim.js": 1776715822.696263,
  "services\\crypton-demo\\src\\AuditLogs.js": 1776715822.696263,
  "services\\crypton-demo\\src\\auth.js": 1776715822.696263,
  "services\\crypton-demo\\src\\AuthContext.js": 1776715822.696263,
  "services\\crypton-demo\\src\\Buttons.js": 1776715822.696263,
  "services\\crypton-demo\\src\\config.js": 1776715822.696263,
  "services\\crypton-demo\\src\\constants.js": 1776715822.7113605,
  "services\\crypton-demo\\src\\Dashboard.js": 1776722996.6635747,
  "services\\crypton-demo\\src\\Devices.js": 1776715822.696263,
  "services\\crypton-demo\\src\\hooks.js": 1776715822.7120876,
  "services\\crypton-demo\\src\\index.js": 1776717842.7335713,
  "services\\crypton-demo\\src\\Landing.js": 1776722996.6635747,
  "services\\crypton-demo\\src\\Login.js": 1776718019.5012145,
  "services\\crypton-demo\\src\\OrgSettings.js": 1776715822.696263,
  "services\\crypton-demo\\src\\PanelWall.js": 1776787254.3062541,
  "services\\crypton-demo\\src\\PolicyEngine.js": 1776715822.696263,
  "services\\crypton-demo\\src\\RBAC.js": 1776715822.696263,
  "services\\crypton-demo\\src\\Recovery.js": 1776715822.696263,
  "services\\crypton-demo\\src\\Register.js": 1776715822.696263,
  "services\\crypton-demo\\src\\reportWebVitals.js": 1776715822.712799,
  "services\\crypton-demo\\src\\RiskIntel.js": 1776715822.696263,
  "services\\crypton-demo\\src\\routes.js": 1776715822.712799,
  "services\\crypton-demo\\src\\sdk.js": 1776715822.712799,
  "services\\crypton-demo\\src\\sdk.test.js": 1776715822.712799,
  "services\\crypton-demo\\src\\Sessions.js": 1776715822.696263,
  "services\\crypton-demo\\src\\setupTests.js": 1776715822.712799,
  "services\\crypton-demo\\src\\UserDashboard.js": 1776738087.1409013,
  "services\\crypton-demo\\src\\webauthn.js": 1776715822.712799,
  "services\\crypton-demo\\src\\demo-app\\DemoActions.js": 1776715822.7120876,
  "services\\crypton-gateway\\src\\main.rs": 1776715822.712799,
  "services\\crypton-gateway\\src\\state.rs": 1776715822.712799,
  "services\\crypton-gateway\\src\\audit\\ingest.rs": 1776715822.712799,
  "services\\crypton-gateway\\src\\audit\\mod.rs": 1776715822.712799,
  "services\\crypton-gateway\\src\\middleware\\auth.rs": 1776715822.712799,
  "services\\crypton-gateway\\src\\middleware\\mod.rs": 1776715822.712799,
  "services\\crypton-gateway\\src\\middleware\\nonce.rs": 1776715822.712799,
  "services\\crypton-gateway\\src\\middleware\\policy.rs": 1776715822.712799,
  "services\\crypton-gateway\\src\\middleware\\rate_limit.rs": 1776715822.712799,
  "services\\crypton-gateway\\src\\routes\\diagnostics.rs": 1776715822.712799,
  "services\\crypton-gateway\\src\\routes\\metrics.rs": 1776715822.712799,
  "services\\crypton-gateway\\src\\routes\\mod.rs": 1776715822.712799,
  "services\\crypton-gateway\\src\\routes\\proxy.rs": 1776715822.712799,
  "services\\crypton-id\\src\\app.rs": 1776715822.7292163,
  "services\\crypton-id\\src\\audit.rs": 1776715822.7292163,
  "services\\crypton-id\\src\\config.rs": 1776715822.7292163,
  "services\\crypton-id\\src\\error.rs": 1776715822.7292163,
  "services\\crypton-id\\src\\jwt.rs": 1776715822.7292163,
  "services\\crypton-id\\src\\main.rs": 1776715822.7292163,
  "services\\crypton-id\\src\\state.rs": 1776715822.7460287,
  "services\\crypton-id\\src\\db\\db.rs": 1776715822.7292163,
  "services\\crypton-id\\src\\db\\mod.rs": 1776715822.7292163,
  "services\\crypton-id\\src\\db\\models.rs": 1776715822.7292163,
  "services\\crypton-id\\src\\db\\redis.rs": 1776715822.7292163,
  "services\\crypton-id\\src\\redis\\challenges.rs": 1776715822.7292163,
  "services\\crypton-id\\src\\redis\\mod.rs": 1776715822.7292163,
  "services\\crypton-id\\src\\redis\\sessions.rs": 1776715822.7292163,
  "services\\crypton-id\\src\\routes\\actions.rs": 1776715822.7292163,
  "services\\crypton-id\\src\\routes\\audit_logs.rs": 1776715822.7292163,
  "services\\crypton-id\\src\\routes\\auth_webauthn.rs": 1776715822.7292163,
  "services\\crypton-id\\src\\routes\\contact.rs": 1776715822.7292163,
  "services\\crypton-id\\src\\routes\\devices.rs": 1776715822.7292163,
  "services\\crypton-id\\src\\routes\\health.rs": 1776715822.7440157,